{
    "best_params": {
        "nu1": -0.45319824492437566,
        "nu2": 0.48507974097011597,
        "threshold": -50.201222604376795,
        "decay": 128.2352090924929
    },
    "device_used": "cuda",
    "cuda_available": true,
    "duration": "0:00:01.724406"
}