{
    "best_params": {
        "nu1": 0.4434633463736254,
        "nu2": 0.4231759462238788,
        "threshold": -62.185080847211815,
        "decay": 130.09139121651646
    },
    "best_trial": 0
}